ticker,reason
ADAM.US,no-fy2018-or-fy2019 (earliest=2020-12-31)
AESI.US,no-fy2018-or-fy2019 (earliest=2020-12-31)
AMTM.US,no-fy2018-or-fy2019 (earliest=2021-12-31)
BBT.US,no-fy2018-or-fy2019 (earliest=2020-12-31)
CON.US,no-fy2018-or-fy2019 (earliest=2021-12-31)
CURB.US,no-fy2018-or-fy2019 (earliest=2021-12-31)
CXM.US,no-fy2018-or-fy2019 (earliest=2020-01-31)
ECG.US,no-fy2018-or-fy2019 (earliest=2021-12-31)
FTRE.US,no-fy2018-or-fy2019 (earliest=2020-12-31)
KGS.US,no-fy2018-or-fy2019 (earliest=2020-12-31)
MRP.US,no-fy2018-or-fy2019 (earliest=2022-12-31)
NATL.US,no-fy2018-or-fy2019 (earliest=2020-12-31)
PHIN.US,no-fy2018-or-fy2019 (earliest=2020-12-31)
RAL.US,no-fy2018-or-fy2019 (earliest=2022-12-31)
VGNT.US,no-fy2018-or-fy2019 (earliest=2022-12-31)
VSNT.US,no-fy2018-or-fy2019 (earliest=2022-12-31)
VSTS.US,no-fy2018-or-fy2019 (earliest=2020-09-30)
WAY.US,no-fy2018-or-fy2019 (earliest=2021-12-31)
WS.US,no-fy2018-or-fy2019 (earliest=2021-05-31)
